{"_runtime":54,"val_auc":0.9293641180504856,"val_acc":0.8126501200960768,"train_loss":0.3631663883681054,"val_loss":0.37172219326631656,"val_f1":0.8365921787709497,"_step":49,"lr":0.0007148141299506269,"epoch":50,"_timestamp":1.7718874353859167e+09,"_wandb":{"runtime":54}}