{"val_loss":0.39781229948405744,"train_loss":0.4472078317517156,"_timestamp":1.7718883829002702e+09,"val_auc":0.8953120506183492,"val_f1":0.8376068376068376,"val_acc":0.8022417934347478,"_wandb":{"runtime":45},"lr":0.00128930143140789,"_step":19,"epoch":20,"_runtime":45}