{"epoch":43,"lr":0.0002391086382597284,"_runtime":50,"train_loss":0.3077144200379426,"_timestamp":1.7718855633078668e+09,"val_loss":0.33716748861239565,"_step":42,"val_acc":0.8470776621297038,"val_auc":0.9359195593017854,"val_f1":0.8771704180064309,"_wandb":{"runtime":50}}