{"epoch":50,"val_f1":0.8899464604402142,"val_auc":0.9312003606114909,"train_loss":0.28941173987524643,"_wandb":{"runtime":72},"_runtime":72,"val_acc":0.8518815052041633,"val_loss":0.39065878250874025,"lr":0.00016239570566651358,"_timestamp":1.7718858566292083e+09,"_step":49}