{"val_f1":0.8483256730137886,"_step":42,"train_loss":0.37520244079562753,"_timestamp":1.7718867614138105e+09,"_wandb":{"runtime":61},"val_auc":0.9169362956571757,"val_acc":0.8150520416333067,"lr":0.0016437369544516018,"_runtime":61,"epoch":43,"val_loss":0.361123360902238}