{"epoch":50,"_timestamp":1.771886637905358e+09,"lr":0.0015031951758811785,"_runtime":46,"val_auc":0.913126921970753,"_step":49,"val_acc":0.833466773418735,"train_loss":0.42946007196251695,"val_loss":0.3819921390594149,"_wandb":{"runtime":46},"val_f1":0.8772136953955135}