{"_runtime":45,"train_loss":0.15187907869680017,"test_recall":0.9243188698284561,"test_precision":0.9096325719960278,"test_mcc":0.7694467077708874,"test_roc_auc":0.949857489333829,"train_accuracy":0.9469469469469469,"val_accuracy":0.8751000800640513,"test_f1_score":0.9169169169169169,"_timestamp":1.7715146486065822e+09,"_step":101,"epoch":100,"_wandb":{"runtime":45},"val_loss":0.3564460501074791,"confusion_matrix_table":{"artifact_path":"wandb-client-artifact://1n2dqnowtl7eksinhicdxg63uvkx9ppaprcx82s8v673yjtd3jfxbnljtw89hgw81g0on8yjw9ap80krvij1443r7cad2u1mlqytykn1hahzpscs4s9ol87ipq7qwctt/confusion_matrix_table.table.json","_latest_artifact_path":"wandb-client-artifact://6q69qdeibx93w06kpyd97c2gwgeku9zbysuxbk4yhgdmcsdn9oglerqj11bjya3s19s3kxjr2mn0x4ejxbdjajviv706kk95d56htfcyomdsib34ekl0e46wxkh11lff:latest/confusion_matrix_table.table.json","nrows":4,"log_mode":"IMMUTABLE","_type":"table-file","path":"media/table/confusion_matrix_table_101_430aae65f537a985a5c0.table.json","size":216,"ncols":3,"sha256":"430aae65f537a985a5c0afede65d057f66e8357bc505d1a3576242ef2eb811c5"},"test_accuracy":0.8936579115951313}