{"val_acc":0.833466773418735,"val_auc":0.9128047498949137,"train_loss":0.44064904721052917,"val_f1":0.8734793187347932,"_timestamp":1.7718861947195187e+09,"_step":49,"val_loss":0.3703411028469153,"lr":0.0007856766370662879,"_wandb":{"runtime":56},"_runtime":56,"epoch":50}