{"_runtime":62,"lr":0.0002090020462655009,"_timestamp":1.7718879927761524e+09,"epoch":50,"_step":49,"train_loss":0.28637342992368287,"val_loss":0.31312383254400916,"_wandb":{"runtime":62},"val_auc":0.940157573947479,"val_acc":0.8606885508406725,"val_f1":0.8871595330739299}