{"val_f1":0.8703030303030304,"val_acc":0.8286629303442754,"val_auc":0.9039374128890953,"_step":43,"_wandb":{"runtime":51},"lr":0.00022219660713584233,"val_loss":0.390745949563835,"_runtime":51,"_timestamp":1.7718856230245557e+09,"epoch":44,"train_loss":0.4199639473233495}