{"lr":4.6536034962133974e-05,"_runtime":64,"val_auc":0.9333435654078449,"epoch":50,"val_acc":0.8534827862289832,"_wandb":{"runtime":64},"_timestamp":1.771885388507841e+09,"val_f1":0.8833652007648184,"train_loss":0.3221468733714985,"_step":49,"val_loss":0.3548360481035051}