{"train_loss":0.14013888380384143,"train_accuracy":0.9459459459459459,"test_f1_score":0.9109109109109109,"test_roc_auc":0.9509674792430117,"val_accuracy":0.8863090472377902,"val_loss":0.3306316949427128,"test_accuracy":0.885970531710442,"test_mcc":0.7527623197786428,"_step":101,"test_recall":0.9182643794147326,"test_precision":0.9036742800397219,"_wandb":{"runtime":39},"_timestamp":1.7715155133828514e+09,"_runtime":39,"epoch":100,"confusion_matrix_table":{"_type":"table-file","nrows":4,"ncols":3,"artifact_path":"wandb-client-artifact://84rnqj00mcs7vudzu1tz09keaawys8w340iw9pm9jg146i66u0svrhm0vvx6j38j1vgsa9t621693nnq96a4q3wocc6lxug4ztunhsjbhiil8xu49owv2vuim6lf4dxr/confusion_matrix_table.table.json","path":"media/table/confusion_matrix_table_101_101cd96d6d9e258ae195.table.json","_latest_artifact_path":"wandb-client-artifact://ev7c56w67h77026oe6dc32bbrb5hyhcx5zn4dwc0fmag9dvae65rbzzjt7n5mtesq889sodxb5t6u7l985r929ay8nejxqgc30kcvp4b9g2ejz97uqubtbw53him4c6m:latest/confusion_matrix_table.table.json","sha256":"101cd96d6d9e258ae19550d46b42cef621c7eaa958b17f495370a49c160165e9","size":216,"log_mode":"IMMUTABLE"}}