{"_runtime":53,"lr":0.001035592349696148,"_wandb":{"runtime":53},"_timestamp":1.7718853086855278e+09,"train_loss":0.36874462574929207,"val_loss":0.35526009158099336,"_step":49,"val_acc":0.8318654923939152,"epoch":50,"val_auc":0.9204912501935798,"val_f1":0.8662420382165605}