{"_step":101,"test_mcc":0.7756695632760957,"epoch":100,"test_recall":0.934409687184662,"_runtime":54,"train_accuracy":0.9319319319319319,"confusion_matrix_table":{"sha256":"216c7c5750df9637bdbf92ad4d2087bd6d15e67501e4130f10b7371971d71746","_latest_artifact_path":"wandb-client-artifact://66iwoee2ovb5e52el8c3lq3tmm5zj6m6zcrioyjtls3l29h1kodcejbfosy1tvolre3jixj9pkia8jqlii693o1bzdsy34u28f4naqwxbyxueai7u9i0nqc7lv5fiq8l:latest/confusion_matrix_table.table.json","ncols":3,"artifact_path":"wandb-client-artifact://b9reij97lm4vtklp5d81n3fzdrs7uhcjc0ha4pk9kumuva4nfoz5hl9frhfw1hwnt8eoie7dbbfcw8g9484vc5dk4lrxqo1eshlsixzzhqqlcwr5br57yay8uzkloouz/confusion_matrix_table.table.json","path":"media/table/confusion_matrix_table_101_216c7c5750df9637bdbf.table.json","nrows":4,"_type":"table-file","size":216,"log_mode":"IMMUTABLE"},"_wandb":{"runtime":54},"train_loss":0.17164241371652747,"_timestamp":1.7715150438836608e+09,"test_f1_score":0.920019870839543,"test_roc_auc":0.9506700656788288,"val_loss":0.3277044855058193,"test_accuracy":0.8968609865470852,"test_precision":0.9060665362035225,"val_accuracy":0.8839071257005604}