{"val_f1":0.8335467349551856,"epoch":47,"_runtime":41,"lr":0.00010614058088175254,"val_auc":0.8664990818787196,"_step":46,"train_loss":0.5161360816673951,"val_acc":0.7918334667734187,"_wandb":{"runtime":41},"_timestamp":1.771885981727155e+09,"val_loss":0.46371369289340164}