{"_runtime":65,"val_loss":0.37616359521810105,"epoch":50,"val_auc":0.9339104776443,"val_f1":0.8636668905305575,"lr":0.000852461883207637,"_wandb":{"runtime":65},"train_loss":0.38124651834890766,"val_acc":0.8374699759807847,"_timestamp":1.7718878565408168e+09,"_step":49}