{"val_loss":0.3436238102143626,"_wandb":{"runtime":55},"epoch":50,"_step":49,"val_acc":0.855884707766213,"val_f1":0.8881987577639752,"train_loss":0.30998166366680724,"val_auc":0.9329273688635207,"_timestamp":1.771886950794166e+09,"lr":0.00025196208336017385,"_runtime":55}