{"test_accuracy":0.8923766816143498,"test_recall":0.9334006054490414,"test_f1_score":0.9167492566897919,"test_precision":0.9006815968841285,"val_loss":0.3277252286672592,"_wandb":{"runtime":52},"confusion_matrix_table":{"artifact_path":"wandb-client-artifact://4j56ltdq17aln5gy7bj0ijs5yvmiveja1lrloeywbfq8iaphveosvgglooqzpanifzv1tnqxhm6rrlysvsivmovnwitdoz8m2fxvvp78sv2b5u283gmcir8qqh121cwj/confusion_matrix_table.table.json","ncols":3,"nrows":4,"log_mode":"IMMUTABLE","_type":"table-file","path":"media/table/confusion_matrix_table_101_6a9247ee06837fc9e677.table.json","_latest_artifact_path":"wandb-client-artifact://mpaev5f7zz3or6ttf8nxid62skeospx5okkxxlzs0e9dziey8yh0bz7iqvq0lzsgsqfdjsyh7yulx4u1kuy6l498hcvb77x9mgpw2ylbfdwg1zxndo6u75mxowqdcqim:latest/confusion_matrix_table.table.json","sha256":"6a9247ee06837fc9e6779aa2aed124707d52a5722930ac96af7760b0b68b9e66","size":217},"epoch":100,"val_accuracy":0.8839071257005604,"test_mcc":0.7656860433658007,"train_loss":0.16819438838128803,"test_roc_auc":0.952697080744242,"train_accuracy":0.9345345345345345,"_timestamp":1.7715151731897945e+09,"_runtime":52,"_step":101}