{"test_recall":0.9303733602421796,"val_accuracy":0.88871096877502,"_step":101,"test_precision":0.9083743842364532,"test_mcc":0.7745728341926635,"confusion_matrix_table":{"path":"media/table/confusion_matrix_table_101_673596aa737cc6ea074e.table.json","size":216,"artifact_path":"wandb-client-artifact://wr1cgr285adbumz90lzncdkki5m9ophteeif66pxvt2ky02jvqeojliy94muec1ctolem97wavnckcbitq3i07hfl4nndick9jkycyhiezmd7x2wd321j9rak8jktjqj/confusion_matrix_table.table.json","ncols":3,"_latest_artifact_path":"wandb-client-artifact://buz19tksnro7wm2bdsy0zgvbs3ovldauj7ihb0o2fcrhfbswvc7237swraeionnroxxj81zoy4cvil0glbg10bozthovzc69ht5gq5t6fg2vgh3tka58k118pex87w9a:latest/confusion_matrix_table.table.json","nrows":4,"_type":"table-file","log_mode":"IMMUTABLE","sha256":"673596aa737cc6ea074eec01062e3c49d99d8e0e3dd5a33546628ee31fcc572d"},"test_f1_score":0.9192422731804586,"_wandb":{"runtime":53},"epoch":100,"val_loss":0.41801543459296225,"_runtime":53,"train_accuracy":0.9501501501501501,"test_accuracy":0.8962203715566944,"_timestamp":1.771514914951428e+09,"train_loss":0.12707615195761754,"test_roc_auc":0.9362738329173084}