{"_step":13,"_wandb":{"runtime":36},"val_f1":0.852294154619736,"val_acc":0.8118494795836669,"train_loss":0.4803253698277402,"_timestamp":1.7718885032543056e+09,"_runtime":36,"val_loss":0.4162227783897956,"epoch":14,"lr":0.0018618537660768323,"val_auc":0.8896277184133095}