{"val_auc":0.9052786442777816,"val_acc":0.8198558847077662,"_wandb":{"runtime":51},"train_loss":0.41170490742087723,"_timestamp":1.771886344585992e+09,"val_f1":0.8640483383685801,"epoch":22,"_step":21,"lr":0.00014375836141928994,"_runtime":51,"val_loss":0.4057473130136418}