{"_step":101,"_wandb":{"runtime":186},"train_accuracy":0.9341341341341342,"_runtime":186,"test_recall":0.9354187689202825,"test_precision":0.8982558139534884,"test_roc_auc":0.9464956538672615,"confusion_matrix_table":{"ncols":3,"path":"media/table/confusion_matrix_table_101_230ae12f8ee2232aed26.table.json","_latest_artifact_path":"wandb-client-artifact://esuhx6jx8aazy7w6mtr3f4gi71uh4xne7sfs2iq6f6uva20kml4w6d3zter1dz5vbhyyshj8p8yxx1dooxk1uelyzz4gy3yiknv1slbyqxftmkg8qxzhwsjy3x0oxity:latest/confusion_matrix_table.table.json","size":217,"artifact_path":"wandb-client-artifact://uba7ae4r9ucvwqfdlgw25z71pyxhmjexo853yt1p8eeju7elfgh93i5sa03sxroxo2aljq0r3z6k1lt64dqoh8j921yshq54hvakff6npe9ws7buv1j4e1zk5adoqj6y/confusion_matrix_table.table.json","sha256":"230ae12f8ee2232aed265f35f7a8b2c4936a20aa4434a8c30d7c33fe10d9ceee","_type":"table-file","nrows":4,"log_mode":"IMMUTABLE"},"val_accuracy":0.8943154523618895,"test_f1_score":0.9164607019278299,"train_loss":0.19290318345418944,"test_accuracy":0.891736066623959,"_timestamp":1.7715153719967291e+09,"epoch":100,"val_loss":0.36558324682413557,"test_mcc":0.7641294095469843}