{"_runtime":34,"train_loss":0.0997913881570478,"test_f1_score":0.9102627664848786,"_wandb":{"runtime":34},"test_roc_auc":0.9336803158248801,"test_precision":0.8947368421052632,"_step":101,"test_accuracy":0.8840486867392697,"val_accuracy":0.8855084067253803,"confusion_matrix_table":{"_latest_artifact_path":"wandb-client-artifact://yy1uz0a9b9hc0bid9ndi8optvuh4j3wxlh7l2yxs4d8aois7mdszrzk5ym84pviqh4w550tie8rekg65lihannucrlhyeqiq3tkq1hlkqw50njdtypi3rq28h77gwij3:latest/confusion_matrix_table.table.json","_type":"table-file","ncols":3,"size":217,"path":"media/table/confusion_matrix_table_101_f77ad819fd0d18bbf216.table.json","sha256":"f77ad819fd0d18bbf216e258bd2f31e0ee6bb27292761d0992d4ab4c145525e3","artifact_path":"wandb-client-artifact://pr95dehu5emgdzfw5kqagvjp565ivh57lz1zpwz89fsp2cy0gsh7852b3xz8bz14maec6tmds8q1hn7kwb9n297ej9qgr4ghewyei4o9icginwazsvsdhl7xkiyixpa3/confusion_matrix_table.table.json","log_mode":"IMMUTABLE","nrows":4},"test_mcc":0.7474990401531891,"val_loss":0.49185108989477155,"test_recall":0.9263370332996973,"train_accuracy":0.9603603603603603,"epoch":100,"_timestamp":1.7715157710375333e+09}