{"epoch":50,"_wandb":{"runtime":69},"_timestamp":1.771885934527084e+09,"lr":0.0017558446306651628,"val_auc":0.9329785292360788,"val_acc":0.8374699759807847,"val_loss":0.3342413304566001,"train_loss":0.3419444342573603,"val_f1":0.8632996632996633,"_runtime":69,"_step":49}