{"train_accuracy":0.9335335335335335,"_step":101,"train_loss":0.19175539377935324,"confusion_matrix_table":{"log_mode":"IMMUTABLE","_latest_artifact_path":"wandb-client-artifact://62njliukfr4p245rapyixqf4796tunemexej15ik1zv2pc1jpdvx2flgrmqm7zii7dr12vk4hlzatz420naeq9kfhxi7sm256fv9d1k6dv016773ut5n28c3td6fwft2:latest/confusion_matrix_table.table.json","artifact_path":"wandb-client-artifact://y409rf6vq8l5syc7815mnm2sxl4kxcdjhiqrxy1vjgcnw6pg6icamudpk9z93gfinkpakk0ha3q1yxcicrxik623tykrmvvioxdo4uo9cvx96odz7f8h9l566v1e73sm/confusion_matrix_table.table.json","_type":"table-file","size":216,"sha256":"bb834a979b0c65568de439ec204e620ff98b00f5f418b6b0c75d211590bff0f6","ncols":3,"path":"media/table/confusion_matrix_table_101_bb834a979b0c65568de4.table.json","nrows":4},"test_precision":0.9291666666666667,"_wandb":{"runtime":51},"val_accuracy":0.8847077662129704,"test_roc_auc":0.9445606953812381,"val_loss":0.33688831329345703,"epoch":100,"test_mcc":0.772578624757599,"test_recall":0.900100908173562,"test_accuracy":0.8930172966047405,"_runtime":51,"_timestamp":1.7715148479551923e+09,"test_f1_score":0.9144028703229113}