{"test_precision":0.8923076923076924,"val_loss":0.47619461749173636,"test_f1_score":0.913835548990645,"test_mcc":0.7554978742512374,"epoch":100,"val_accuracy":0.8823058446757406,"train_accuracy":0.9503503503503503,"test_accuracy":0.8878923766816144,"_runtime":128,"confusion_matrix_table":{"log_mode":"IMMUTABLE","ncols":3,"sha256":"c900a53195683fcf1071de1dafba3228d3e509b8ea9d18c630e91b32083aa716","artifact_path":"wandb-client-artifact://swmam5fmfy25qcsog3keprqbosmakk7oo1op5jxvqudiuzn759opdqljsarlcn0p6h3vi1nt5ql690as4rj71z2v02tbt5h03qr8zp3zvl46x8r1gvimqg6rxhhx1db4/confusion_matrix_table.table.json","_type":"table-file","nrows":4,"size":217,"_latest_artifact_path":"wandb-client-artifact://cx7hqc2jf3ck2ymuzz96qv4nj916ts44bbrxp8qluvcqryuylslv3mxhznyur8ls7u7bwhwsgztgj15ut202e3fo98r1gvd6a6ahxo29vuvgxl71irvvbd8dtom36ckm:latest/confusion_matrix_table.table.json","path":"media/table/confusion_matrix_table_101_c900a53195683fcf1071.table.json"},"_timestamp":1.7715157255449646e+09,"_step":101,"test_recall":0.9364278506559032,"train_loss":0.13052012874802854,"test_roc_auc":0.942559349938924,"_wandb":{"runtime":128}}