{"_step":49,"val_auc":0.9357688436096547,"val_loss":0.3371782969531295,"_wandb":{"runtime":69},"val_acc":0.8430744595676541,"lr":0.0014104129485645463,"train_loss":0.34275639248085216,"epoch":50,"val_f1":0.8710526315789474,"_timestamp":1.7718876341890926e+09,"_runtime":69}