{"_step":39,"val_acc":0.8070456365092074,"_wandb":{"runtime":50},"train_loss":0.4503955297522597,"_timestamp":1.7718854440673013e+09,"epoch":40,"val_loss":0.4486400508422485,"_runtime":50,"val_auc":0.9001515453197937,"lr":0.0002453318791543367,"val_f1":0.8448164842240824}