{"val_f1":0.8898007033997656,"_wandb":{"runtime":48},"_step":49,"_runtime":48,"epoch":50,"val_loss":0.4239577763647533,"val_acc":0.8494795836669335,"val_auc":0.9190615251874958,"lr":0.0033528632390326975,"_timestamp":1.7718866940258095e+09,"train_loss":0.40985191871931365}