{"val_accuracy":0.8791032826261009,"_step":101,"val_loss":0.46407551153270105,"test_mcc":0.7607346636012203,"test_accuracy":0.8898142216527867,"confusion_matrix_table":{"ncols":3,"_latest_artifact_path":"wandb-client-artifact://5scd8lfkwt3trrvbcjz9vfprt5mlhn1j1z6wixvslqvak74zo7cd2ppkbluda54q24yfcg6bcjocv3twm03pmdtzby3zt3zzc8rrcq9l4la8zg6pldk0kme4isv6zmdx:latest/confusion_matrix_table.table.json","artifact_path":"wandb-client-artifact://cuwr7wpb1xnnws3hnt5j1cu9gtaf93pkds77s6lr0xmswxtc053un58al9be6gx4vmhk5vt2161v9b24ypiasf2jx75tjvos9ed1opzx1th71roxtkb7g717js4r2cge/confusion_matrix_table.table.json","log_mode":"IMMUTABLE","nrows":4,"sha256":"04484af28ce686dcaa5e69d50ed08fca634ca00970d3805b318a5f5108c74653","path":"media/table/confusion_matrix_table_101_04484af28ce686dcaa5e.table.json","size":216,"_type":"table-file"},"train_loss":0.11696753445063617,"test_roc_auc":0.945616690565971,"_timestamp":1.7715143478461099e+09,"_wandb":{"runtime":95},"test_recall":0.9243188698284561,"test_precision":0.9042448173741362,"train_accuracy":0.9545545545545545,"epoch":100,"test_f1_score":0.9141716566866267,"_runtime":95}