{"val_loss":0.3413017718337649,"_runtime":73,"val_acc":0.8462770216172938,"epoch":50,"train_loss":0.37434748646255966,"_step":49,"val_auc":0.933169343598593,"lr":0.001706377156769319,"_wandb":{"runtime":73},"val_f1":0.8787878787878788,"_timestamp":1.7718871029966462e+09}