{"_wandb":{"runtime":63},"epoch":50,"val_acc":0.8486789431545236,"_runtime":63,"train_loss":0.32111838963684497,"_step":49,"val_auc":0.9339478108891396,"val_loss":0.3412172889785828,"_timestamp":1.7718856971443787e+09,"val_f1":0.8806064434617814,"lr":0.0015956486237488998}