{"val_auc":0.8842143979115505,"train_loss":0.46235144613264084,"_timestamp":1.7718868197069118e+09,"epoch":23,"val_f1":0.8503067484662576,"val_loss":0.4515176718000224,"lr":0.00017542294236639987,"_step":22,"_wandb":{"runtime":51},"val_acc":0.8046437149719776,"_runtime":51}