{"_timestamp":1.7718875041096022e+09,"lr":0.0005711351981071426,"_step":49,"_runtime":48,"val_loss":0.31860733612047565,"val_acc":0.8590872698158527,"_wandb":{"runtime":48},"train_loss":0.30425892861875087,"epoch":50,"val_auc":0.9396501183602133,"val_f1":0.887468030690537}