{"epoch":50,"val_loss":0.31422702761723387,"train_loss":0.31307980360927523,"_runtime":59,"_timestamp":1.7718881483272188e+09,"val_auc":0.9382065662264109,"_wandb":{"runtime":59},"_step":49,"lr":7.506695871408364e-05,"val_f1":0.883235485975212,"val_acc":0.8566853482786229}