{"val_auc":0.9375898763301695,"_runtime":59,"_step":49,"train_loss":0.3487922481021604,"val_acc":0.8486789431545236,"_timestamp":1.7718880706476092e+09,"epoch":50,"val_f1":0.8760655737704918,"lr":0.0004554660125187086,"_wandb":{"runtime":59},"val_loss":0.3185511129774792}