{"_step":101,"_runtime":42,"val_loss":0.35227873995900155,"epoch":100,"test_recall":0.9283551967709385,"test_f1_score":0.9163346613545816,"test_accuracy":0.8923766816143498,"_timestamp":1.77151453690753e+09,"_wandb":{"runtime":42},"test_roc_auc":0.9466301980986777,"train_loss":0.13530531360567372,"test_mcc":0.766101855587533,"confusion_matrix_table":{"path":"media/table/confusion_matrix_table_101_51d58aa43e04a5f2b919.table.json","ncols":3,"_type":"table-file","nrows":4,"log_mode":"IMMUTABLE","sha256":"51d58aa43e04a5f2b9198d0af0db98d55b118d85701ccbbcc80da472ff41f6ca","_latest_artifact_path":"wandb-client-artifact://ehcbccxlom96qrigltr0r73y6baxla8kw9f6490q4x4mz8wdbrg7fyj8z3r6jg7bcp4mueh557f932wtet5lyf96983qzhpddks5koy0aclp6ibu57ojk2ulcqaswkzh:latest/confusion_matrix_table.table.json","size":216,"artifact_path":"wandb-client-artifact://2czf7nqqt1mmhifahst3fote9wyk1mfujc692jtuxs4ile5upjk2c9l7ks5g9mv1ar1dcrertx9rhshf9q60xpmx5f48y8vccdel5s3pgf5lhg7838yfe7zuzpliktqf/confusion_matrix_table.table.json"},"train_accuracy":0.9461461461461461,"val_accuracy":0.8871096877502002,"test_precision":0.904621435594887}