{"test_accuracy":0.8910954516335682,"test_mcc":0.7633095128608793,"test_f1_score":0.9153386454183267,"_runtime":54,"_wandb":{"runtime":54},"train_loss":0.1659933472453039,"test_roc_auc":0.9491121851045372,"confusion_matrix_table":{"_latest_artifact_path":"wandb-client-artifact://mrt60irxvmdhwcdzwrx1qs2s1ifwrlx6ajib4zfxdcsmtjmm4ffp68u69h2bbt6gn65unwxd7hl8e5jx919x0439ltd24ll0zvv6ekqgpdn3r0su7pgwbs9i7onlowzg:latest/confusion_matrix_table.table.json","sha256":"4d6a5a825d9716c8b143277039feacc9168ba7ef06b1a2bc87a3a732b67c0ac2","path":"media/table/confusion_matrix_table_101_4d6a5a825d9716c8b143.table.json","nrows":4,"ncols":3,"_type":"table-file","log_mode":"IMMUTABLE","size":216,"artifact_path":"wandb-client-artifact://b666hflpb8pi188qspowgm4rau8wdmdcd11ntszxz0l5hvakyqjt7f82nwyt5y6zssra64pb2aemcunz9cqekgclf202veliyg0kuzxyk62h9zxd8uhby727l7yj6gl9/confusion_matrix_table.table.json"},"val_loss":0.3436743274331093,"epoch":100,"test_precision":0.9036381514257621,"test_recall":0.9273461150353178,"_step":101,"val_accuracy":0.8823058446757406,"train_accuracy":0.9367367367367367,"_timestamp":1.7715147859579408e+09}