{"test_f1_score":0.9120323559150657,"epoch":100,"test_roc_auc":0.9498628002903322,"train_accuracy":0.9379379379379379,"test_mcc":0.7599477238865557,"test_precision":0.9138804457953394,"_step":101,"val_loss":0.31919053569436073,"val_accuracy":0.8847077662129704,"test_recall":0.9101917255297679,"_wandb":{"runtime":45},"train_loss":0.1546128968932206,"_timestamp":1.7715149700568824e+09,"_runtime":45,"test_accuracy":0.8885329916720052,"confusion_matrix_table":{"log_mode":"IMMUTABLE","_type":"table-file","sha256":"262881c72fbdf14a23e83407629cf72c73c1e8a165f05169ddbbb3542a3ad9ff","ncols":3,"path":"media/table/confusion_matrix_table_101_262881c72fbdf14a23e8.table.json","nrows":4,"artifact_path":"wandb-client-artifact://t4klmgg4xsiaj1p8m92jg419utnb1holggum9gi74gqlxte593cuqiw6a43nj7bk37bqa1az6es7i8zliy2tsm9rlhspglc06o7b1vueahsq08bw6zcuz3g7azd4ywb2/confusion_matrix_table.table.json","_latest_artifact_path":"wandb-client-artifact://10dhasmhumyw6g4y4ddr9tphkad03g45deeydh1wgr0qvkv8t4hfccn3qs97wpgkdo1s15m3zsmgau4vlg48337bu5vc1xm0c7daeswn98fkxnzhxxk4faq758gwnl4p:latest/confusion_matrix_table.table.json","size":216}}