{"_wandb":{"runtime":42},"epoch":100,"confusion_matrix_table":{"_latest_artifact_path":"wandb-client-artifact://hesp4maxkkcigs36ofmjax488mhgv4fw2gfvrzk4mos1n3jev31nh39hpqxallmn3tipjgtdqo9up416y2tnmw89nl8pqdfwgp08kquajcvpqp4yhgrqr5yynb6hmlix:latest/confusion_matrix_table.table.json","sha256":"6ab50b89eb9715bf4ac0490abe2b6868af552a875133b4f9329a2ef7093db5a1","log_mode":"IMMUTABLE","artifact_path":"wandb-client-artifact://u1ipn0phbf7hp2or894w2fiun69n8891y1lzpxqa6eejp76fvw6rqx36giolfu1o8mpli7q3itmysb3rokb2bq8vfhx7t02by69isezdjo8fmhgp5l5jotjrn26b9d9m/confusion_matrix_table.table.json","nrows":4,"_type":"table-file","ncols":3,"path":"media/table/confusion_matrix_table_101_6ab50b89eb9715bf4ac0.table.json","size":216},"test_recall":0.9263370332996973,"_runtime":42,"test_precision":0.9071146245059288,"test_roc_auc":0.9477331067325226,"test_f1_score":0.9166250624063904,"_step":101,"val_loss":0.36008109524846077,"val_accuracy":0.8783026421136909,"test_accuracy":0.8930172966047405,"train_accuracy":0.9395395395395395,"_timestamp":1.771515108476965e+09,"test_mcc":0.7677588255842656,"train_loss":0.1579793723229366}