{"val_f1":0.87125,"val_auc":0.9160679520364592,"lr":0.002878501926939768,"_timestamp":1.7718882645016208e+09,"val_loss":0.4240776050128967,"_runtime":50,"_step":24,"val_acc":0.8350680544435548,"_wandb":{"runtime":50},"epoch":25,"train_loss":0.4369191362096502}