{"train_accuracy":0.9317317317317317,"train_loss":0.17027571599317504,"test_precision":0.9054187192118227,"test_recall":0.9273461150353178,"test_accuracy":0.8923766816143498,"val_accuracy":0.8983186549239391,"test_roc_auc":0.9510506842282294,"test_f1_score":0.9162512462612163,"_step":101,"confusion_matrix_table":{"size":216,"nrows":4,"path":"media/table/confusion_matrix_table_101_4ce7b2598d671855dc5f.table.json","sha256":"4ce7b2598d671855dc5f3f4fb66f763fdf779692e0d0eb2d8106b09dbd8b9b6a","log_mode":"IMMUTABLE","_latest_artifact_path":"wandb-client-artifact://1bivnaewi55cfas7jd5o9egastfsr1v0eff2lpebdmn8l5i4w9fugk5eyuvjl5vjers8ko092cy2j1kd9b9ftriajh6yuf4y8w0acpunpxv608q9d3obku62j35d0zw5:latest/confusion_matrix_table.table.json","ncols":3,"_type":"table-file","artifact_path":"wandb-client-artifact://iic9lac3mwbvluh02init7u6zrmi82bjhtec6i587om1saxnn6rlrw6ulxl5m1lq4zvrqx7y64ls368cm66kh6cxa0qpq7muy3lscpk5d7w021lh224o8vuzm6vvcajw/confusion_matrix_table.table.json"},"_wandb":{"runtime":51},"_timestamp":1.7715147190562942e+09,"_runtime":51,"val_loss":0.33067277632653713,"test_mcc":0.7662029285850188,"epoch":100}