{"_wandb":{"runtime":60},"val_f1":0.8646173969914978,"epoch":50,"_step":49,"val_acc":0.8342674139311449,"val_auc":0.9275956284153005,"val_loss":0.3496000716168943,"_timestamp":1.7718877753338947e+09,"train_loss":0.3795794634131698,"_runtime":60,"lr":0.002270906089440016}