{"epoch":15,"val_loss":0.43811525136017626,"val_acc":0.7846277021617294,"val_f1":0.8263395739186572,"val_auc":0.8720686489236964,"lr":0.00010667815662829503,"_wandb":{"runtime":36},"_runtime":36,"_step":14,"train_loss":0.5156388538079457,"_timestamp":1.771887301047922e+09}