{"val_acc":0.8566853482786229,"_timestamp":1.7718875553035135e+09,"_wandb":{"runtime":44},"epoch":50,"val_loss":0.3342670515549479,"lr":0.0005843221879320497,"_runtime":44,"train_loss":0.31015695557818634,"val_f1":0.8833876221498371,"val_auc":0.9335993672706356,"_step":49}