{"_wandb":{"runtime":56},"_runtime":56,"val_loss":0.3824394231705402,"val_f1":0.8259337561663143,"train_loss":0.3959798190507803,"epoch":36,"val_acc":0.8022417934347478,"val_auc":0.9245868454237739,"_step":35,"_timestamp":1.7718868854919147e+09,"lr":0.0008288622597789222}