{"val_loss":0.3193730658965649,"_step":49,"_wandb":{"runtime":58},"_runtime":58,"val_f1":0.8925294888597641,"_timestamp":1.7718879240059128e+09,"train_loss":0.2886065469310806,"val_acc":0.8686949559647719,"epoch":50,"val_auc":0.9394703656998739,"lr":0.0004489347389623412}