{"_timestamp":1.7718883232671206e+09,"_wandb":{"runtime":51},"val_auc":0.9074384416273977,"val_acc":0.833466773418735,"_runtime":51,"train_loss":0.42790327831073566,"lr":0.0002397813634359869,"val_loss":0.3881636100162784,"epoch":27,"val_f1":0.869182389937107,"_step":26}