{"train_loss":0.4074879812138217,"_step":46,"val_f1":0.8766437069505323,"_timestamp":1.7718862851900706e+09,"val_auc":0.9258534103227805,"_runtime":82,"epoch":47,"_wandb":{"runtime":82},"val_acc":0.8422738190552442,"lr":0.002351690785298824,"val_loss":0.36330283209502556}