{"confusion_matrix_table":{"nrows":4,"_latest_artifact_path":"wandb-client-artifact://r0oh32sqjg6wzlrkkke0rro2wkd2tjd06wcf2haoeqthafju5vfxb6aio40tszx9eoq6psfnnz8f2enlaqthvwo4z0ayehd8t4rhojkk5xivd1ro3c3orz7mcz6sba4q:latest/confusion_matrix_table.table.json","_type":"table-file","ncols":3,"path":"media/table/confusion_matrix_table_101_b0c668cb65b5b675f94f.table.json","size":217,"log_mode":"IMMUTABLE","artifact_path":"wandb-client-artifact://dsmwc2j3pvqnizx5d1w3l2aov9vilaiqvtpltxkjyst66nwoiz8m6jqo2mvh3rffucudckkbiceaf6dw0q7lz22otgnbu6ikuhl07y9yf7l2v3hecoymhpzi8qmy0kxo/confusion_matrix_table.table.json","sha256":"b0c668cb65b5b675f94f79f81506f27a3f2a3fae25ed11ae27d9b8bcb53ad569"},"test_accuracy":0.8827674567584881,"test_roc_auc":0.9320702108449732,"train_loss":0.11230681032820303,"train_accuracy":0.9573573573573574,"_runtime":112,"test_mcc":0.74431993358084,"val_accuracy":0.8726981585268214,"_step":101,"test_precision":0.88996138996139,"test_recall":0.9303733602421796,"test_f1_score":0.9097187962506167,"_timestamp":1.7715144744481347e+09,"epoch":100,"val_loss":0.501257161423905,"_wandb":{"runtime":112}}