{"_timestamp":1.771886576297979e+09,"train_loss":0.3729815998712221,"val_f1":0.8678756476683938,"_runtime":61,"val_acc":0.8366693354683747,"_step":49,"lr":0.0006236488746550093,"val_loss":0.34506842587068615,"val_auc":0.9253736089909516,"_wandb":{"runtime":61},"epoch":50}