{"test_precision":0.9155778894472362,"val_accuracy":0.8879103282626101,"test_f1_score":0.9174219536757301,"test_mcc":0.7730692087949304,"train_loss":0.11344113800034022,"_wandb":{"runtime":87},"_timestamp":1.7715158737490437e+09,"_runtime":87,"test_recall":0.9192734611503531,"confusion_matrix_table":{"artifact_path":"wandb-client-artifact://uod1fhn5b58dunrc1c5nyap5kcf8z0d13zg5bpih0smmahwetndh809fvw7z8ziju8epbrom9m47d5r2z8i8ebo9w33kujmfkbkghxrvmhg5xp3m26dlqqy0foe7tkhm/confusion_matrix_table.table.json","nrows":4,"ncols":3,"size":216,"log_mode":"IMMUTABLE","path":"media/table/confusion_matrix_table_101_7dc8d54bca9d802074a9.table.json","_type":"table-file","_latest_artifact_path":"wandb-client-artifact://t3fwdomwg23rik6mpiteqlujpky3dp7rt290g9ajpqujb7jb5kuqhcbrvpx3hhbwholbs619mjxze259s0uhh5krdoi79q9btdlonuvbkvdxpmwhngs0lvxb7tvifoeq:latest/confusion_matrix_table.table.json","sha256":"7dc8d54bca9d802074a9a9b7379eb31764d6442c26cdd4f73e0a38836f08faf0"},"val_loss":0.4920383325904368,"test_accuracy":0.8949391415759129,"_step":101,"test_roc_auc":0.9362906509462353,"epoch":100,"train_accuracy":0.953953953953954}