{"val_auc":0.9336685029092276,"val_acc":0.855084067253803,"_wandb":{"runtime":51},"val_f1":0.8833010960670535,"epoch":50,"train_loss":0.3273390538460977,"_timestamp":1.7718855046230903e+09,"_step":49,"val_loss":0.3540384580699609,"_runtime":51,"lr":0.0004047558255900731}