{"_runtime":53,"_timestamp":1.7718877035365274e+09,"val_auc":0.9169833078914182,"_step":49,"train_loss":0.445643989233164,"lr":0.00041785373542092716,"val_loss":0.3909407286428279,"val_acc":0.8486789431545236,"epoch":50,"val_f1":0.8838352796558082,"_wandb":{"runtime":53}}