{"train_loss":0.09974501192657413,"val_loss":0.42737782672047614,"test_recall":0.9192734611503531,"test_precision":0.9073705179282868,"test_f1_score":0.9132832080200501,"train_accuracy":0.9575575575575576,"epoch":100,"_step":101,"test_roc_auc":0.9425053552144741,"val_accuracy":0.8927141713370697,"confusion_matrix_table":{"_type":"table-file","path":"media/table/confusion_matrix_table_101_8575b9324890a0d1707c.table.json","log_mode":"IMMUTABLE","sha256":"8575b9324890a0d1707ce130b46a764bf4bd78271ba712e7965ac313a60a5d22","nrows":4,"size":216,"ncols":3,"artifact_path":"wandb-client-artifact://znb6vs8gknhp4evv8382nwlgzcbxt9wi1m0q5dzcg4j8p44i43tx6er4969w0p3ujknnbuz2pvesbgw09puh57wa4bn9ls7i07zi74zha5da26g7f0au1kc67mys2xta/confusion_matrix_table.table.json","_latest_artifact_path":"wandb-client-artifact://gbtiw4jvdnjmc1cuttwqzsynhcfo8qo0i3cfbfgw61ykkimhk58r6iurxbc47ui41rr8k2gmu6ke9iyu3ztsksndpd39ts3cr79spxvg120813sifutxds8loofilet2:latest/confusion_matrix_table.table.json"},"test_mcc":0.7599201846841375,"_runtime":42,"_timestamp":1.771514591646109e+09,"test_accuracy":0.8891736066623959,"_wandb":{"runtime":42}}