{"train_accuracy":0.9305305305305305,"val_loss":0.32664251402020456,"_timestamp":1.7715155775436997e+09,"test_mcc":0.7694467077708874,"test_roc_auc":0.9520934020217041,"test_recall":0.9243188698284561,"train_loss":0.18816234897586365,"_step":101,"confusion_matrix_table":{"_latest_artifact_path":"wandb-client-artifact://kep2msfeqn6mc36mn9iwptxa7cdlwerk3cl2pwhxaouu980t9kd5b621vg9j9hh51um235cop7ey5z7fikh2a7ke71skmdlw24rgrmf9k6jt8yq2cwrf9troddh29m8d:latest/confusion_matrix_table.table.json","ncols":3,"nrows":4,"path":"media/table/confusion_matrix_table_101_430aae65f537a985a5c0.table.json","sha256":"430aae65f537a985a5c0afede65d057f66e8357bc505d1a3576242ef2eb811c5","size":216,"artifact_path":"wandb-client-artifact://3y0ve16b4vpgq4avzky1hr8lowmajwsy1a1pqi31vk9jhroay4baoj2cov23u96gbq2mizojehgsmfyq3ue1lyr7s9pxfxwcifpcoov3ut19kfi5llzfsm4d5d9debbo/confusion_matrix_table.table.json","log_mode":"IMMUTABLE","_type":"table-file"},"test_precision":0.9096325719960278,"test_f1_score":0.9169169169169169,"_runtime":44,"val_accuracy":0.8855084067253803,"test_accuracy":0.8936579115951313,"epoch":100,"_wandb":{"runtime":44}}