{"val_acc":0.8246597277822257,"lr":0.0004035961608309327,"_wandb":{"runtime":51},"_step":28,"_runtime":51,"epoch":29,"val_loss":0.3764897655543563,"_timestamp":1.7718860419051428e+09,"val_f1":0.8633811603243917,"val_auc":0.9079694033317847,"train_loss":0.4237275182663857}