{"val_auc":0.9281888121944206,"_wandb":{"runtime":62},"lr":0.0007180014260676675,"epoch":50,"val_loss":0.3688671899567231,"_step":49,"_runtime":62,"_timestamp":1.771886416211753e+09,"val_acc":0.8358686949559647,"val_f1":0.8673139158576052,"train_loss":0.3742351681262523}