{"val_loss":0.3879627982934443,"lr":0.0011197537499715656,"val_auc":0.924585462711002,"_step":49,"_wandb":{"runtime":54},"train_loss":0.38761094666875756,"val_acc":0.8094475580464372,"_runtime":54,"val_f1":0.8335664335664336,"_timestamp":1.7718872445300603e+09,"epoch":50}