{"_step":30,"train_loss":0.38511730810782097,"val_auc":0.9231446760027434,"val_f1":0.8784213876511776,"val_loss":0.3502354511411024,"_wandb":{"runtime":41},"_runtime":41,"epoch":31,"_timestamp":1.7718882044756923e+09,"lr":0.0013093770293988447,"val_acc":0.8470776621297038}