{"_wandb":{"runtime":73},"val_loss":0.3265539442567085,"val_auc":0.935853189088737,"_step":49,"lr":0.0012699154420128098,"val_acc":0.8566853482786229,"_timestamp":1.7718861235661325e+09,"_runtime":73,"epoch":50,"train_loss":0.30084731717248103,"val_f1":0.889026658400496}