{"val_acc":0.8366693354683747,"val_f1":0.8739184177997528,"lr":0.00019740270372446822,"_runtime":73,"epoch":50,"train_loss":0.3929040875050936,"val_loss":0.36605422848983227,"_wandb":{"runtime":73},"_timestamp":1.771886497977026e+09,"_step":49,"val_auc":0.9192993517842525}