{"lr":0.0004935078322849775,"epoch":50,"_step":49,"_timestamp":1.7718870171385496e+09,"train_loss":0.34051844394720115,"_runtime":57,"val_f1":0.87468671679198,"val_acc":0.8398718975180144,"_wandb":{"runtime":57},"val_loss":0.3588951676248836,"val_auc":0.9288718723037099}