{"val_loss":0.3688843183702617,"val_acc":0.8406725380304243,"val_auc":0.9233603791951506,"_wandb":{"runtime":57},"_timestamp":1.771885776383376e+09,"val_f1":0.8755472170106317,"_step":49,"_runtime":57,"epoch":50,"lr":7.605913169186601e-05,"train_loss":0.359406919322453}