{"train_loss":0.2916903654018322,"_runtime":64,"_timestamp":1.7718884565619369e+09,"_wandb":{"runtime":64},"val_acc":0.8526821457165733,"val_auc":0.9355254861618105,"epoch":50,"val_loss":0.32667664304268274,"lr":0.00036456570210061817,"_step":49,"val_f1":0.8797385620915033}