{"_wandb":{"runtime":55},"epoch":50,"train_loss":0.27382773983108627,"val_loss":0.33390012669792357,"val_f1":0.8899937849596022,"_step":49,"lr":0.00015215827364950898,"_runtime":55,"val_acc":0.8582866293034428,"_timestamp":1.7718873652242324e+09,"val_auc":0.9370920997323068}