{"val_auc":0.9185706621534921,"_timestamp":1.7718871820632174e+09,"_runtime":72,"val_f1":0.8567585743106927,"val_acc":0.8294635708566853,"lr":0.0033016813874179817,"epoch":34,"val_loss":0.3647401093410625,"train_loss":0.3796853908428081,"_step":33,"_wandb":{"runtime":72}}