{"test_recall":0.917255297679112,"test_precision":0.9228426395939087,"test_f1_score":0.9200404858299596,"_runtime":79,"train_loss":0.17687066726291636,"epoch":100,"val_loss":0.2845332331809914,"confusion_matrix_table":{"_type":"table-file","ncols":3,"artifact_path":"wandb-client-artifact://yos9w1qrxk9ajjqk6k3mab9kxt3zjpsw5avn7xxljkutswvg06a0a2mjay1sgs5s0kvdwmm3mrebqhq3exa6h8kypztpkoc9jt8g8ldl7ry5ekjg3y2do4syq48wauff/confusion_matrix_table.table.json","_latest_artifact_path":"wandb-client-artifact://j7gi2chn2x8q8twxe4ilzgcb0kzd3vnyoay5gp0ffvewi7pdp562t4xqsbutsnyfvjg7zinnlr5b97iq7snxj7wu9ld8rv4hzqlf2wmb6mqi606kvbq7tab2olbo9wxi:latest/confusion_matrix_table.table.json","nrows":4,"path":"media/table/confusion_matrix_table_101_afe6f59e0ca0698e4bbb.table.json","log_mode":"IMMUTABLE","sha256":"afe6f59e0ca0698e4bbb45764fedf33aa5e9e57bf059ad8a3c2c23028d7c132c","size":216},"val_accuracy":0.8951160928742994,"test_accuracy":0.8987828315182576,"train_accuracy":0.9293293293293293,"_wandb":{"runtime":79},"_step":101,"_timestamp":1.7715154627141287e+09,"test_roc_auc":0.9556198771398728,"test_mcc":0.7821998548605276}